,pcode,usercount,week_weekend_ratio,userdaycount_mean,userdaycount_median,tripcount_mean,tripcount_median,tripcount_sum
0,00100,2251,2.4737022119553225,28.51399378054198,21.0,48.4233673922701,31.0,109001
1,00120,724,3.0953635741544723,27.908839779005525,19.0,47.26657458563536,29.0,34221
2,00130,178,2.9605426416490257,22.735955056179776,15.0,37.449438202247194,21.0,6666
3,00140,795,2.5876657046929306,26.122012578616353,18.0,43.77106918238994,27.0,34798
4,00150,1080,2.8355411197455362,28.788888888888888,21.0,48.90277777777778,29.0,52815
5,00160,356,2.7906231028294184,28.615168539325843,21.0,50.08988764044944,30.0,17832
6,00170,721,2.808887817104314,27.33009708737864,18.0,47.940360610263525,26.0,34565
7,00180,1663,2.782435357387213,29.29945880938064,22.0,50.35838845460012,34.0,83746
8,00190,41,4.392670855450502,22.951219512195124,17.0,34.68292682926829,22.0,1422
9,00200,1365,2.602762881408132,20.593406593406595,14.0,35.35164835164835,21.0,48255
10,00210,672,2.7814379381409977,19.257440476190474,12.0,32.95238095238095,18.0,22144
11,00220,587,2.6828356360508248,29.385008517887563,22.0,50.781942078364565,32.0,29809
12,00230,1,1.9,23.0,23.0,46.0,46.0,46
13,00240,440,2.2873778997789525,27.93409090909091,21.0,48.263636363636365,31.0,21236
14,00250,1428,2.4881880437984183,28.75140056022409,22.0,49.2093837535014,33.0,70271
15,00260,602,3.362726427085996,29.569767441860463,22.0,50.82392026578073,33.5,30596
16,00270,811,2.5352294329448086,24.68557336621455,18.0,42.737361282367445,28.0,34660
17,00280,323,2.258442090426659,28.226006191950464,20.0,50.13312693498452,28.0,16193
18,00290,7,0.9409802895517181,28.142857142857142,20.0,51.857142857142854,31.0,363
19,00300,436,2.8938890174016407,24.988532110091743,18.0,44.46559633027523,28.0,19387
20,00310,32,2.8290676310166445,14.65625,9.5,23.1875,14.0,742
21,00320,421,3.956506181027397,16.304038004750595,10.0,26.133016627078383,16.0,11002
22,00330,681,3.7498047267088213,21.22173274596182,15.0,36.40234948604993,22.0,24790
23,00340,50,4.323207868447343,15.22,8.5,25.28,12.5,1264
24,00350,647,3.1765797157329194,22.44822256568779,16.0,38.87326120556414,23.0,25151
25,00360,44,3.3600452577725304,13.727272727272727,6.0,24.136363636363637,8.5,1062
26,00370,90,6.085256065610372,17.533333333333335,10.0,27.7,15.5,2493
27,00380,93,3.9881805147000393,11.56989247311828,8.0,19.602150537634408,13.0,1823
28,00390,62,6.562073832770302,14.306451612903226,9.0,22.43548387096774,14.0,1391
29,00400,175,4.6239011144470465,18.92,11.0,30.53142857142857,17.0,5343
30,00410,97,4.896247006143913,15.103092783505154,9.0,23.484536082474225,12.0,2278
31,00420,164,6.32695869410153,17.079268292682926,11.0,26.28048780487805,17.0,4310
32,00430,58,3.995063155235569,10.39655172413793,7.0,15.275862068965518,10.5,886
33,00440,74,7.815527206869433,20.04054054054054,12.0,33.013513513513516,16.5,2443
34,00500,1354,2.4729415145696683,24.237075332348596,17.0,40.318316100443134,25.0,54591
35,00510,984,2.7169226438674605,28.431910569105693,21.0,46.895325203252035,31.0,46145
36,00520,672,3.2302743950676422,25.950892857142858,18.0,44.07738095238095,28.0,29620
37,00530,2031,2.622472265404782,26.91974396848843,20.0,44.861152141802066,29.0,91113
38,00540,345,2.7605241834414835,23.985507246376812,18.0,39.29855072463768,26.0,13558
39,00550,908,2.8734351903494106,23.871145374449338,17.0,39.892070484581495,25.0,36222
40,00560,1141,3.356459258436901,21.488168273444348,16.0,34.74583698510079,23.0,39645
41,00570,98,3.85252639099175,18.989795918367346,12.5,30.448979591836736,18.0,2984
42,00580,244,2.813952589342362,23.0,15.0,38.57786885245902,22.5,9413
43,00590,21,4.4247203325774755,11.619047619047619,6.0,20.761904761904763,10.0,436
44,00600,223,2.452059419309734,25.878923766816143,21.0,43.18834080717489,34.0,9631
45,00610,535,3.0602952046501746,20.257943925233644,13.0,33.65046728971963,20.0,18003
46,00620,100,5.966383070506634,15.49,8.0,25.76,13.0,2576
47,00630,136,5.924002297933206,13.566176470588236,6.0,21.66176470588235,10.0,2946
48,00640,179,4.7823131571965165,14.692737430167599,9.0,24.955307262569832,14.0,4467
49,00650,70,7.490380037241588,12.0,8.0,18.257142857142856,11.5,1278
50,00660,77,6.361129561381663,12.506493506493506,5.0,19.753246753246753,9.0,1521
51,00670,45,5.266272965008597,12.955555555555556,6.0,21.555555555555557,8.0,970
52,00680,50,7.723771878448349,13.92,7.5,22.18,11.0,1109
53,00690,28,5.181696802162641,15.071428571428571,9.0,27.642857142857142,16.0,774
54,00700,115,5.962072944225723,17.2,9.0,27.704347826086956,12.0,3186
55,00710,122,6.928836958991301,14.745901639344263,10.0,24.59016393442623,14.0,3000
56,00720,100,6.535957632512415,18.63,10.0,30.16,14.0,3016
57,00730,124,15.667775690217795,20.056451612903224,11.0,33.74193548387097,16.5,4184
58,00740,49,7.980544217687076,12.204081632653061,8.0,19.102040816326532,13.0,936
59,00750,124,9.461681204156944,21.137096774193548,14.0,33.903225806451616,20.0,4204
60,00760,70,10.553767011790054,15.028571428571428,9.0,24.514285714285716,12.0,1716
61,00770,41,6.77012521824823,20.5609756097561,9.0,33.53658536585366,15.0,1375
62,00780,50,8.251547305854306,15.6,9.0,23.32,11.0,1166
63,00790,169,3.7049710939194282,15.68639053254438,9.0,32.33136094674556,13.0,5464
64,00800,109,4.972560106283268,14.174311926605505,9.0,21.431192660550458,13.0,2336
65,00810,154,3.7255492688281073,13.35064935064935,7.5,20.461038961038962,10.5,3151
66,00820,75,7.118520555000555,16.933333333333334,9.0,25.28,14.0,1896
67,00830,25,4.7094410987361455,17.48,10.0,27.6,18.0,690
68,00840,100,4.591112741364915,14.03,8.0,23.23,11.5,2323
69,00850,25,7.549676190476191,13.12,7.0,21.08,10.0,527
70,00860,1,5.6,11.0,11.0,15.0,15.0,15
71,00870,58,5.963899520098005,15.310344827586206,8.0,23.551724137931036,10.5,1366
72,00880,13,3.7476068376068374,17.076923076923077,12.0,27.307692307692307,17.0,355
73,00890,12,1.770815544608648,20.333333333333332,16.0,35.166666666666664,26.0,422
74,00900,32,9.475486111111111,17.6875,5.5,26.46875,9.5,847
75,00910,70,7.1713737872771475,15.842857142857143,13.0,23.34285714285714,16.5,1634
76,00920,98,13.827308860340674,14.795918367346939,8.5,22.43877551020408,11.5,2199
77,00930,50,6.115484431879236,16.86,11.0,28.36,16.5,1418
78,00940,95,6.650020605500664,16.526315789473685,8.0,27.66315789473684,12.0,2628
79,00950,36,6.110777686553548,11.694444444444445,9.5,18.083333333333332,13.5,651
80,00960,40,6.9420019795476,14.925,9.0,27.0,12.5,1080
81,00970,58,9.296694492742587,17.655172413793103,8.5,30.82758620689655,12.0,1788
82,00980,137,8.637863838388297,13.686131386861314,8.0,21.204379562043794,12.0,2905
83,00990,84,6.162828889644229,15.964285714285714,7.5,26.797619047619047,11.5,2251
84,01120,2,1.5,1.0,1.0,1.5,1.5,3
85,01150,22,4.538517316017316,11.590909090909092,5.5,23.863636363636363,9.5,525
86,01180,3,0.4666666666666666,6.0,8.0,9.333333333333334,13.0,28
87,01190,3,15.066666666666668,18.0,1.0,35.0,5.0,105
88,01200,21,7.757319727891156,12.904761904761905,7.0,19.714285714285715,10.0,414
89,01230,21,16.1615873015873,11.571428571428571,4.0,20.523809523809526,9.0,431
90,01260,7,20.140259740259744,19.285714285714285,10.0,33.0,12.0,231
91,01280,32,2.8695868838872567,12.96875,5.0,21.5625,7.0,690
92,01300,111,7.321090663675409,11.0990990990991,4.0,18.0990990990991,6.0,2009
93,01340,10,17.93333333333333,18.7,19.5,28.3,29.0,283
94,01350,55,7.332818945760121,12.072727272727272,6.0,18.236363636363638,10.0,1003
95,01360,40,7.170935345356398,14.925,9.5,23.475,16.0,939
96,01370,38,20.709788106630214,24.473684210526315,15.0,37.78947368421053,22.0,1436
97,01380,11,18.42828282828283,15.545454545454545,7.0,23.454545454545453,7.0,258
98,01390,34,12.53159169550173,16.11764705882353,7.5,25.941176470588236,12.5,882
99,01400,33,13.863117757663213,16.303030303030305,7.0,25.454545454545453,10.0,840
100,01420,12,7.2683333333333335,8.583333333333334,6.0,13.5,8.0,162
101,01450,72,12.023590621433758,16.555555555555557,7.0,25.916666666666668,12.0,1866
102,01480,20,7.84126219918773,17.3,15.5,34.55,30.0,691
103,01490,24,16.0843198304963,14.833333333333334,8.0,24.833333333333332,13.0,596
104,01510,27,5.746483352038907,7.62962962962963,5.0,15.333333333333334,11.0,414
105,01520,77,7.152361406515188,11.688311688311689,6.0,21.07792207792208,9.0,1623
106,01530,3,2.3333333333333335,12.0,1.0,21.666666666666668,4.0,65
107,01600,93,7.3142746202423625,17.387096774193548,10.0,25.86021505376344,15.0,2405
108,01610,26,9.552418905311612,16.03846153846154,6.5,26.423076923076923,10.5,687
109,01620,40,9.191435492801773,22.275,14.5,35.425,25.5,1417
110,01630,17,6.85266106442577,8.470588235294118,4.0,12.764705882352942,4.0,217
111,01640,21,8.999501133786847,17.904761904761905,4.0,29.904761904761905,6.0,628
112,01650,25,7.53810296010296,16.64,8.0,27.64,14.0,691
113,01660,9,13.525185185185185,9.0,5.0,16.555555555555557,10.0,149
114,01670,21,8.375255102040816,13.095238095238095,7.0,22.761904761904763,10.0,478
115,01680,3,12.266666666666666,11.333333333333334,11.0,19.0,21.0,57
116,01690,31,9.315698924731183,8.612903225806452,2.0,14.870967741935484,5.0,461
117,01700,48,6.04880327628322,13.75,4.5,23.895833333333332,7.0,1147
118,01710,21,14.987619047619049,13.666666666666666,8.0,26.19047619047619,11.0,550
119,01730,11,10.558634567014012,18.09090909090909,13.0,31.09090909090909,15.0,342
120,01750,3,18.333333333333332,12.0,15.0,18.333333333333332,22.0,55
121,01760,9,7.523809523809525,6.444444444444445,2.0,10.555555555555555,12.0,95
122,01800,25,8.630102846244023,23.96,17.0,43.24,28.0,1081
123,01810,3,5.666666666666667,3.0,2.0,5.666666666666667,4.0,17
124,01820,6,3.9111111111111114,13.5,13.5,26.166666666666668,17.0,157
125,01830,3,3.0526315789473686,12.333333333333334,2.0,27.333333333333332,6.0,82
126,01840,15,15.498296823002704,25.4,5.0,44.53333333333333,30.0,668
127,01860,4,52.75,51.25,51.0,83.25,81.0,333
128,01900,21,10.967863247863248,12.80952380952381,6.0,22.095238095238095,13.0,464
129,01940,2,70.5,41.5,41.5,70.5,70.5,141
130,02100,88,3.72859880149457,10.386363636363637,5.0,16.363636363636363,7.0,1440
131,02110,69,6.029457651848955,11.840579710144928,7.0,18.27536231884058,10.0,1261
132,02120,60,5.7427666371859925,12.966666666666667,6.5,20.05,9.0,1203
133,02130,80,5.655841915394547,13.1875,6.0,21.15,9.5,1692
134,02140,44,9.828915470494415,12.227272727272727,6.0,19.954545454545453,11.0,878
135,02150,149,3.3707592176471075,16.100671140939596,11.0,25.70469798657718,17.0,3830
136,02160,39,5.026140333096855,14.205128205128204,8.0,22.512820512820515,10.0,878
137,02170,63,5.279605280800943,11.777777777777779,8.0,18.73015873015873,9.0,1180
138,02180,70,7.1091417154274295,12.32857142857143,6.0,19.757142857142856,10.0,1383
139,02200,139,6.778595594683282,15.510791366906474,8.0,24.402877697841728,11.0,3392
140,02210,223,7.902509473367884,10.174887892376681,4.0,16.09865470852018,6.0,3590
141,02230,378,5.289428239555502,12.076719576719576,7.0,18.80952380952381,9.5,7110
142,02240,20,11.254029581529581,21.3,5.0,36.15,8.0,723
143,02260,30,4.76877329392778,17.4,10.0,31.433333333333334,11.5,943
144,02270,25,7.074133333333334,13.36,5.0,21.16,7.0,529
145,02280,27,10.62196314541142,11.592592592592593,6.0,19.037037037037038,11.0,514
146,02300,19,9.934780132148553,17.42105263157895,9.0,29.42105263157895,15.0,559
147,02320,96,7.710742297697746,15.71875,7.0,26.28125,12.5,2523
148,02330,54,7.479583132916466,15.148148148148149,7.0,26.962962962962962,10.5,1456
149,02340,33,8.908518518518518,15.333333333333334,11.0,25.151515151515152,15.0,830
150,02360,66,5.66654387642866,12.348484848484848,10.0,21.424242424242426,15.5,1414
151,02380,4,6.75,3.5,1.0,6.75,2.0,27
152,02400,52,11.827179487179487,14.711538461538462,6.0,24.596153846153847,10.0,1279
153,02410,3,6.466666666666666,8.0,5.0,10.0,10.0,30
154,02420,12,5.721666666666667,9.333333333333334,4.0,15.666666666666666,7.0,188
155,02430,25,10.250857142857145,10.88,4.0,16.84,8.0,421
156,02440,1,3.0,2.0,2.0,3.0,3.0,3
157,02450,15,13.715555555555557,11.533333333333333,5.0,19.8,10.0,297
158,02460,10,4.143768115942029,18.9,10.0,28.1,20.5,281
159,02470,1,0.061538461538461535,5.0,5.0,15.0,15.0,15
160,02480,21,12.576507936507937,8.952380952380953,4.0,15.571428571428571,9.0,327
161,02490,1,70.0,42.0,42.0,70.0,70.0,70
162,02510,3,5.577777777777778,6.0,5.0,11.0,10.0,33
163,02520,5,9.474887218045112,18.0,9.0,41.6,20.0,208
164,02540,4,10.06,15.75,15.0,21.75,21.0,87
165,02550,3,7.027564102564103,34.333333333333336,19.0,68.0,36.0,204
166,02570,1,24.8,70.0,70.0,126.0,126.0,126
167,02580,8,8.108333333333333,14.375,6.0,21.125,7.5,169
168,02590,2,5.2,10.0,10.0,14.0,14.0,28
169,02600,149,8.820222278738758,15.919463087248323,8.0,26.644295302013422,13.0,3970
170,02610,59,11.218794927239593,17.64406779661017,11.0,30.084745762711865,15.0,1775
171,02620,56,11.448343626924453,12.75,7.5,20.857142857142858,12.5,1168
172,02630,30,8.719032057267352,14.733333333333333,9.0,26.266666666666666,16.0,788
173,02650,130,7.233098015794371,13.176923076923076,7.0,19.73846153846154,11.5,2566
174,02660,39,6.640821027277936,11.820512820512821,7.0,19.384615384615383,10.0,756
175,02680,13,9.128836291913215,14.0,7.0,19.846153846153847,8.0,258
176,02700,93,6.962883109372007,14.956989247311828,8.0,25.21505376344086,12.0,2345
177,02710,34,6.903103439437528,12.882352941176471,5.0,21.647058823529413,9.0,736
178,02720,15,12.92622222222222,15.933333333333334,11.0,26.133333333333333,13.0,392
179,02730,21,8.822486772486773,12.904761904761905,6.0,21.952380952380953,14.0,461
180,02740,11,2.488239538239538,19.90909090909091,10.0,30.363636363636363,21.0,334
181,02750,46,6.590609511261685,13.043478260869565,9.0,19.23913043478261,16.0,885
182,02760,78,8.667755154769122,16.333333333333332,8.0,28.05128205128205,15.0,2188
183,02770,61,5.304386695624135,15.114754098360656,8.0,26.081967213114755,13.0,1591
184,02780,62,10.079764690129716,13.548387096774194,8.0,21.338709677419356,12.5,1323
185,02810,3,17.333333333333332,10.666666666666666,6.0,17.333333333333332,8.0,52
186,02820,6,10.638461538461538,17.166666666666668,9.0,27.333333333333332,15.5,164
187,02860,8,6.301388888888889,6.875,5.0,12.625,10.5,101
188,02880,33,13.424024662206481,11.636363636363637,6.0,19.575757575757574,8.0,646
189,02920,20,6.026964285714285,14.55,4.0,26.8,11.0,536
190,02940,44,6.120000468000469,12.727272727272727,6.5,20.045454545454547,8.5,882
191,02970,13,6.311400394477318,8.153846153846153,4.0,15.538461538461538,12.0,202
192,02980,1,1.3,8.0,8.0,17.0,17.0,17
193,03100,36,25.85432098765432,19.86111111111111,15.0,33.638888888888886,21.5,1211
194,03150,3,25.040000000000003,19.333333333333332,15.0,37.333333333333336,38.0,112
195,03220,1,18.0,9.0,9.0,18.0,18.0,18
196,03250,1,4.6,22.0,22.0,25.0,25.0,25
197,03300,13,7.3747431628674684,21.153846153846153,8.0,47.61538461538461,15.0,619
198,03400,12,17.46736111111111,14.333333333333334,5.0,28.083333333333332,8.0,337
199,03430,2,0.9666666666666666,4.0,4.0,5.5,5.5,11
200,03600,10,18.398000000000003,18.2,12.0,34.5,37.0,345
201,03850,2,28.8,35.0,35.0,68.0,68.0,136
202,04130,27,6.3463040316841495,8.592592592592593,6.0,12.62962962962963,7.0,341
203,04150,3,6.211111111111111,30.0,31.0,53.0,50.0,159
204,04170,2,0.5857142857142856,4.5,4.5,11.0,11.0,22
205,04200,51,10.573183792621133,17.529411764705884,7.0,27.568627450980394,11.0,1406
206,04220,15,11.091587301587301,12.8,7.0,22.133333333333333,15.0,332
207,04230,36,18.94640211640212,18.944444444444443,12.5,30.22222222222222,21.0,1088
208,04240,7,9.485714285714286,19.0,16.0,33.57142857142857,20.0,235
209,04250,12,6.626479076479076,9.916666666666666,5.0,15.0,5.5,180
210,04260,18,24.977921533393232,27.38888888888889,13.5,70.94444444444444,17.0,1277
211,04300,25,15.864935574229692,18.16,14.0,29.68,21.0,742
212,04310,9,18.033333333333335,14.11111111111111,2.0,19.77777777777778,12.0,178
213,04320,22,28.47281385281385,19.727272727272727,8.0,35.59090909090909,16.0,783
214,04330,8,3.9157641045548655,34.125,30.0,68.0,46.5,544
215,04340,10,7.018571428571429,16.6,8.0,25.7,13.0,257
216,04350,1,12.0,9.0,9.0,12.0,12.0,12
217,04360,2,21.0,16.5,16.5,21.0,21.0,42
218,04370,1,1.8,12.0,12.0,22.0,22.0,22
219,04380,2,17.4,17.0,17.0,21.5,21.5,43
220,04400,50,34.09109090909091,27.22,23.0,47.12,39.0,2356
221,04410,36,19.723776980437798,33.80555555555556,27.5,61.02777777777778,41.5,2197
222,04420,17,24.7481045751634,28.58823529411765,17.0,48.11764705882353,27.0,818
223,04430,39,33.974783734783735,30.974358974358974,24.0,52.94871794871795,41.0,2065
224,04440,7,57.142857142857146,35.0,22.0,57.142857142857146,36.0,400
225,04460,8,50.35,27.5,9.0,51.75,16.0,414
226,04480,9,18.53885003885004,21.333333333333332,12.0,39.111111111111114,21.0,352
227,04500,12,21.02559523809524,20.916666666666668,20.5,34.583333333333336,28.0,415
228,04530,3,2.88695652173913,12.0,1.0,23.0,4.0,69
229,04600,9,15.333333333333334,14.88888888888889,4.0,26.444444444444443,6.0,238
230,04620,7,36.84761904761905,24.857142857142858,14.0,40.857142857142854,26.0,286
231,04630,1,1.0285714285714287,19.0,19.0,25.0,25.0,25
232,04660,2,38.0,25.5,25.5,38.0,38.0,76
233,04740,1,2.0,1.0,1.0,2.0,2.0,2
234,05100,6,6.923391812865497,19.833333333333332,10.5,40.5,18.0,243
235,05200,7,3.188961038961039,21.0,12.0,32.42857142857143,23.0,227
236,05400,21,23.21123891981035,21.571428571428573,18.0,33.57142857142857,25.0,705
237,05430,5,21.87333333333333,22.6,14.0,35.6,18.0,178
238,05440,1,7.0,6.0,6.0,7.0,7.0,7
239,05460,2,5.907692307692308,17.0,17.0,41.0,41.0,82
240,05620,1,2.6,7.0,7.0,15.0,15.0,15
241,05800,39,27.287053077641314,29.923076923076923,22.0,51.58974358974359,33.0,2012
242,05810,9,31.344973544973545,22.666666666666668,8.0,37.0,14.0,333
243,05820,8,54.06999999999999,46.625,43.5,84.0,71.0,672
244,05830,9,39.48,29.0,7.0,55.77777777777778,11.0,502
245,05840,5,12.666666666666668,9.4,6.0,14.6,9.0,73
246,05880,4,23.25,14.0,9.0,23.25,16.0,93
247,05900,7,36.82857142857143,38.285714285714285,37.0,61.857142857142854,63.0,433
248,06100,41,15.108532834199977,18.24390243902439,13.0,30.75609756097561,20.0,1261
249,06150,9,16.034887436456064,19.333333333333332,14.0,28.77777777777778,19.0,259
250,06200,7,3.076190476190476,2.7142857142857144,1.0,5.0,3.0,35
251,06400,6,9.815555555555555,16.333333333333332,8.5,24.5,11.5,147
252,06450,1,4.666666666666667,22.0,22.0,38.0,38.0,38
253,06650,1,2.0,1.0,1.0,2.0,2.0,2
254,06750,4,11.600000000000001,24.25,8.5,44.25,13.0,177
255,06830,3,12.666666666666666,6.333333333333333,7.0,12.666666666666666,13.0,38
256,06850,1,2.0,1.0,1.0,2.0,2.0,2
257,06950,1,12.0,1.0,1.0,12.0,12.0,12
258,07150,1,0.3,3.0,3.0,7.0,7.0,7
259,07170,2,4.066666666666666,25.5,25.5,41.0,41.0,82
260,07190,2,30.0,20.0,20.0,30.0,30.0,60
261,07280,3,3.0,1.0,1.0,3.0,3.0,9
262,07320,1,17.0,11.0,11.0,17.0,17.0,17
263,07450,1,4.0,2.0,2.0,4.0,4.0,4
264,07560,1,98.0,62.0,62.0,98.0,98.0,98
265,07590,3,5.177777777777778,9.333333333333334,9.0,17.0,19.0,51
266,07750,1,20.0,13.0,13.0,20.0,20.0,20
267,07820,1,0.26666666666666666,8.0,8.0,10.0,10.0,10
268,07870,1,7.0,5.0,5.0,7.0,7.0,7
269,07880,1,3.0,1.0,1.0,3.0,3.0,3
270,07900,6,9.655555555555555,14.0,14.0,22.333333333333332,21.0,134
271,07910,1,20.0,1.0,1.0,20.0,20.0,20
272,07930,1,0.9333333333333332,5.0,5.0,10.0,10.0,10
273,07945,1,1.6,6.0,6.0,10.0,10.0,10
274,07955,1,3.0,1.0,1.0,3.0,3.0,3
275,08100,11,5.455614973262032,11.0,7.0,17.90909090909091,11.0,197
276,08150,5,4.631111111111111,17.6,4.0,31.6,12.0,158
277,08200,1,172.0,92.0,92.0,172.0,172.0,172
278,08350,4,23.3,17.5,9.0,31.5,23.5,126
279,08500,9,15.422222222222224,12.444444444444445,8.0,22.333333333333332,12.0,201
280,08680,2,30.0,17.5,17.5,30.0,30.0,60
281,08700,4,38.3,24.0,14.0,39.0,19.5,156
282,09120,1,4.0,2.0,2.0,4.0,4.0,4
283,09430,3,8.027777777777779,19.333333333333332,1.0,37.333333333333336,15.0,112
284,09630,1,10.0,8.0,8.0,10.0,10.0,10
285,09810,3,28.46666666666667,21.333333333333332,23.0,34.0,39.0,102
286,10120,2,29.2,22.5,22.5,33.0,33.0,66
287,10160,1,0.85,49.0,49.0,125.0,125.0,125
288,10210,5,1.6113846153846154,8.2,5.0,13.2,9.0,66
289,10300,12,17.68918650793651,29.833333333333332,24.0,50.916666666666664,37.5,611
290,10320,2,6.2,13.0,13.0,19.5,19.5,39
291,10330,5,35.86,32.2,17.0,65.2,50.0,326
292,10420,1,3.0,10.0,10.0,17.0,17.0,17
293,10470,3,1.6444444444444446,6.333333333333333,4.0,13.0,10.0,39
294,10520,1,1.0947368421052632,131.0,131.0,355.0,355.0,355
295,10570,1,4.0,3.0,3.0,4.0,4.0,4
296,10600,7,12.676190476190476,8.285714285714286,2.0,15.428571428571429,6.0,108
297,10620,2,28.5,20.5,20.5,28.5,28.5,57
298,10640,1,1.6,4.0,4.0,5.0,5.0,5
299,10650,3,38.0,26.333333333333332,38.0,38.0,47.0,114
300,10710,1,56.0,45.0,45.0,56.0,56.0,56
301,10900,1,0.8285714285714285,27.0,27.0,43.0,43.0,43
302,10940,4,5.801960784313726,19.0,16.5,25.5,23.0,102
303,10960,2,31.1,20.5,20.5,36.5,36.5,73
304,11100,16,26.507291666666664,25.875,18.0,44.25,25.5,708
305,11120,10,51.0,34.5,24.0,59.6,31.5,596
306,11130,20,29.683143650793653,29.4,29.0,67.3,41.0,1346
307,11310,3,47.333333333333336,34.0,29.0,47.333333333333336,32.0,142
308,11710,4,90.75,47.75,48.0,90.75,89.5,363
309,11910,3,32.51428571428571,34.666666666666664,47.0,54.666666666666664,68.0,164
310,12100,3,13.362962962962962,10.0,11.0,17.0,19.0,51
311,12240,1,1.2,4.0,4.0,4.0,4.0,4
312,12310,1,0.26666666666666666,2.0,2.0,5.0,5.0,5
313,12540,2,52.0,32.5,32.5,52.0,52.0,104
314,12600,2,40.666666666666664,57.0,57.0,118.0,118.0,236
315,12700,2,39.5,26.0,26.0,39.5,39.5,79
316,13100,17,14.106405228758168,13.529411764705882,5.0,22.88235294117647,14.0,389
317,13110,1,24.0,16.0,16.0,24.0,24.0,24
318,13130,14,16.040669183033714,19.5,10.0,35.214285714285715,27.5,493
319,13200,4,19.825,19.5,11.5,23.25,16.0,93
320,13210,12,19.675818713450294,24.333333333333332,16.5,42.416666666666664,23.5,509
321,13220,4,47.2,37.75,44.5,63.5,69.5,254
322,13270,4,51.2,32.0,19.0,52.5,34.5,210
323,13300,1,16.0,10.0,10.0,16.0,16.0,16
324,13330,1,0.7999999999999999,2.0,2.0,9.0,9.0,9
325,13500,5,46.77333333333333,38.4,27.0,63.8,46.0,319
326,13600,3,41.333333333333336,21.666666666666668,1.0,41.333333333333336,7.0,124
327,14200,5,28.0,17.4,4.0,31.4,6.0,157
328,14300,1,0.26666666666666666,3.0,3.0,10.0,10.0,10
329,14500,1,2.8,8.0,8.0,8.0,8.0,8
330,14610,1,17.0,11.0,11.0,17.0,17.0,17
331,14680,1,1.04,24.0,24.0,36.0,36.0,36
332,14700,2,3.3,6.5,6.5,8.0,8.0,16
333,15100,18,17.897222222222222,21.666666666666668,16.0,38.666666666666664,28.0,696
334,15110,13,9.953731696579995,40.0,35.0,78.23076923076923,51.0,1017
335,15140,19,14.461418325185639,28.05263157894737,23.0,49.578947368421055,31.0,942
336,15150,5,13.982959001782532,20.0,15.0,52.4,26.0,262
337,15160,2,43.0,25.0,25.0,43.0,43.0,86
338,15170,3,9.059259259259258,6.0,5.0,13.333333333333334,13.0,40
339,15200,1,66.0,47.0,47.0,66.0,66.0,66
340,15210,2,60.5,27.0,27.0,60.5,60.5,121
341,15230,4,35.51,19.0,13.0,41.0,29.5,164
342,15240,3,4.793939393939394,25.333333333333332,24.0,45.333333333333336,36.0,136
343,15270,1,2.8,5.0,5.0,8.0,8.0,8
344,15300,3,13.0,6.333333333333333,1.0,13.0,7.0,39
345,15320,1,115.0,52.0,52.0,115.0,115.0,115
346,15340,1,1.2,5.0,5.0,8.0,8.0,8
347,15500,3,3.3333333333333335,9.0,8.0,12.333333333333334,8.0,37
348,15520,3,45.04973544973546,35.333333333333336,26.0,58.333333333333336,31.0,175
349,15540,1,6.0,1.0,1.0,6.0,6.0,6
350,15610,3,11.533333333333333,8.333333333333334,7.0,16.0,15.0,48
351,15680,2,78.5,39.5,39.5,78.5,78.5,157
352,15700,3,7.866666666666667,13.666666666666666,15.0,21.0,21.0,63
353,15800,3,62.86666666666667,34.666666666666664,49.0,64.0,87.0,192
354,15810,1,112.0,55.0,55.0,112.0,112.0,112
355,15840,1,1.0,1.0,1.0,1.0,1.0,1
356,15860,2,0.3833333333333333,9.5,9.5,14.5,14.5,29
357,15900,2,1.542857142857143,37.5,37.5,74.5,74.5,149
358,15950,3,7.226666666666667,9.666666666666666,12.0,15.333333333333334,18.0,46
359,16200,1,2.72,20.0,20.0,39.0,39.0,39
360,16300,3,2.1037037037037036,4.666666666666667,2.0,7.333333333333333,5.0,22
361,16610,1,18.0,9.0,9.0,18.0,18.0,18
362,16670,2,0.42222222222222217,8.5,8.5,9.5,9.5,19
363,16730,1,2.566666666666667,65.0,65.0,89.0,89.0,89
364,16790,1,1.0,1.0,1.0,1.0,1.0,1
365,17110,2,33.5,25.5,25.5,33.5,33.5,67
366,17130,1,1.4,44.0,44.0,90.0,90.0,90
367,17200,1,15.0,13.0,13.0,15.0,15.0,15
368,18130,1,0.4,4.0,4.0,6.0,6.0,6
369,18150,2,3.642857142857143,2.5,2.5,9.5,9.5,19
370,19110,1,125.0,66.0,66.0,125.0,125.0,125
371,19160,1,59.0,36.0,36.0,59.0,59.0,59
372,19540,1,8.0,2.0,2.0,8.0,8.0,8
373,19670,1,7.2,9.0,9.0,19.0,19.0,19
374,19920,1,2.1333333333333333,26.0,26.0,38.0,38.0,38
375,20100,61,8.10803293213992,19.688524590163933,13.0,33.91803278688525,21.0,2069
376,20250,1,0.8,20.0,20.0,30.0,30.0,30
377,20300,5,8.763312629399588,27.6,19.0,55.0,37.0,275
378,20320,3,4.373333333333334,11.333333333333334,12.0,20.0,24.0,60
379,20380,4,2.4916666666666667,9.75,5.0,18.0,10.5,72
380,20500,33,3.278290706017842,15.818181818181818,11.0,27.848484848484848,19.0,919
381,20520,9,14.782147124082607,27.666666666666668,17.0,43.22222222222222,25.0,389
382,20540,27,3.815930427838925,14.25925925925926,5.0,25.48148148148148,10.0,688
383,20610,1,2.6,92.0,92.0,165.0,165.0,165
384,20660,1,5.2,13.0,13.0,14.0,14.0,14
385,20700,11,5.711646885809565,13.727272727272727,5.0,24.545454545454547,11.0,270
386,20720,3,1.1507142857142858,25.333333333333332,21.0,65.66666666666667,59.0,197
387,20740,3,6.666666666666667,3.6666666666666665,4.0,6.666666666666667,9.0,20
388,20760,2,75.5,51.0,51.0,75.5,75.5,151
389,20780,5,39.413333333333334,24.4,28.0,46.6,41.0,233
390,20810,15,7.885396825396826,18.266666666666666,13.0,29.0,20.0,435
391,20880,3,2.32,10.666666666666666,3.0,23.0,11.0,69
392,20900,10,7.677823129251701,16.0,4.0,33.1,6.0,331
393,21100,3,9.777777777777777,17.333333333333332,4.0,32.0,20.0,96
394,21110,5,5.934666666666667,8.6,9.0,17.0,13.0,85
395,21120,3,9.0,6.0,2.0,9.0,3.0,27
396,21140,2,10.0,7.5,7.5,10.0,10.0,20
397,21200,2,5.819999999999999,13.5,13.5,20.5,20.5,41
398,21220,1,6.0,30.0,30.0,48.0,48.0,48
399,21230,1,18.0,6.0,6.0,18.0,18.0,18
400,21250,1,1.0,1.0,1.0,1.0,1.0,1
401,21260,3,46.87536231884058,28.333333333333332,41.0,66.33333333333333,59.0,199
402,21350,2,46.5,34.0,34.0,46.5,46.5,93
403,21380,1,6.0,2.0,2.0,6.0,6.0,6
404,21410,1,6.0,6.0,6.0,6.0,6.0,6
405,21420,2,0.8500000000000001,2.5,2.5,8.0,8.0,16
406,21500,4,3.485,5.75,7.0,8.0,9.0,32
407,21510,1,1.2,4.0,4.0,8.0,8.0,8
408,21600,7,7.695798319327731,7.428571428571429,2.0,15.285714285714286,9.0,107
409,21610,2,2.0,2.0,2.0,2.0,2.0,4
410,21620,2,24.0,18.5,18.5,24.0,24.0,48
411,21740,1,1.022222222222222,8.0,8.0,32.0,32.0,32
412,21800,1,0.96,26.0,26.0,34.0,34.0,34
413,22100,2,4.5,2.0,2.0,4.5,4.5,9
414,23500,2,0.275,4.0,4.0,7.5,7.5,15
415,23800,1,0.2,2.0,2.0,3.0,3.0,3
416,24100,2,7.5,1.0,1.0,7.5,7.5,15
417,24130,2,9.0,6.0,6.0,9.0,9.0,18
418,24240,4,32.75,29.0,27.5,46.5,46.5,186
419,24260,2,27.766666666666666,23.0,23.0,38.0,38.0,76
420,24280,4,23.900269905533065,32.25,31.0,57.5,67.5,230
421,24800,2,2.0,1.0,1.0,2.0,2.0,4
422,24910,3,7.3999999999999995,9.666666666666666,13.0,12.333333333333334,17.0,37
423,25190,3,8.333333333333334,26.666666666666668,2.0,61.666666666666664,7.0,185
424,25250,2,46.0,31.5,31.5,46.0,46.0,92
425,25390,1,14.0,1.0,1.0,14.0,14.0,14
426,25410,1,2.0,2.0,2.0,2.0,2.0,2
427,25500,1,8.0,2.0,2.0,8.0,8.0,8
428,25570,1,0.7555555555555555,41.0,41.0,78.0,78.0,78
429,25700,1,1.5794871794871794,97.0,97.0,193.0,193.0,193
430,25870,1,1.0,1.0,1.0,1.0,1.0,1
431,26100,8,1.6353508771929826,9.625,5.5,17.5,12.0,140
432,26200,1,6.0,3.0,3.0,6.0,6.0,6
433,26410,1,84.0,60.0,60.0,84.0,84.0,84
434,26660,2,1.1333333333333333,8.5,8.5,16.0,16.0,32
435,26910,1,1.968,77.0,77.0,148.0,148.0,148
436,27100,1,3.0,1.0,1.0,3.0,3.0,3
437,27510,1,0.9333333333333332,6.0,6.0,10.0,10.0,10
438,27650,1,4.8,8.0,8.0,13.0,13.0,13
439,27710,1,3.0,3.0,3.0,3.0,3.0,3
440,27910,1,9.0,1.0,1.0,9.0,9.0,9
441,28100,4,1.7181818181818183,7.75,4.5,23.0,13.5,92
442,28120,1,7.0,25.0,25.0,37.0,37.0,37
443,28130,7,1.398095238095238,7.428571428571429,7.0,14.285714285714286,15.0,100
444,28330,1,2.0,1.0,1.0,2.0,2.0,2
445,28400,2,12.1,2.0,2.0,15.0,15.0,30
446,28540,1,0.85,13.0,13.0,50.0,50.0,50
447,28600,2,4.8,5.5,5.5,9.5,9.5,19
448,28610,3,5.666666666666667,4.0,1.0,5.666666666666667,2.0,17
449,28660,1,14.0,3.0,3.0,14.0,14.0,14
450,28760,1,4.0,1.0,1.0,4.0,4.0,4
451,29250,1,5.0,2.0,2.0,5.0,5.0,5
452,29340,2,12.051851851851852,11.0,11.0,29.0,29.0,58
453,29570,2,3.0,1.0,1.0,3.0,3.0,6
454,29630,1,0.2,2.0,2.0,3.0,3.0,3
455,29900,1,6.0,1.0,1.0,6.0,6.0,6
456,30300,1,3.0,2.0,2.0,3.0,3.0,3
457,30420,2,2.6,4.5,4.5,7.5,7.5,15
458,31380,1,13.0,9.0,9.0,13.0,13.0,13
459,31400,2,9.0,5.5,5.5,9.0,9.0,18
460,31460,1,5.7,33.0,33.0,61.0,61.0,61
461,31600,1,42.0,27.0,27.0,42.0,42.0,42
462,31640,1,1.0,1.0,1.0,1.0,1.0,1
463,31720,1,61.0,30.0,30.0,61.0,61.0,61
464,31760,1,4.0,3.0,3.0,4.0,4.0,4
465,32200,1,1.0,1.0,1.0,1.0,1.0,1
466,32800,2,8.0,4.0,4.0,8.0,8.0,16
467,33100,39,8.324004186309086,16.102564102564102,7.0,31.0,13.0,1209
468,33180,6,6.20925925925926,11.166666666666666,2.0,20.0,14.0,120
469,33200,16,2.5539331473608318,23.1875,22.5,46.125,33.0,738
470,33210,15,5.355579975579976,14.466666666666667,9.0,25.2,15.0,378
471,33230,11,22.66727272727273,17.181818181818183,9.0,32.0,16.0,352
472,33240,1,23.0,14.0,14.0,23.0,23.0,23
473,33250,6,13.319047619047618,14.5,12.0,22.5,18.0,135
474,33270,5,3.6895571095571094,16.0,8.0,39.4,18.0,197
475,33300,3,0.85,6.0,7.0,9.333333333333334,12.0,28
476,33310,3,8.0,2.6666666666666665,1.0,8.0,11.0,24
477,33340,2,5.5285714285714285,4.0,4.0,13.5,13.5,27
478,33400,4,3.4171717171717173,7.25,6.0,16.75,15.0,67
479,33420,1,1.8,6.0,6.0,11.0,11.0,11
480,33430,1,7.0,5.0,5.0,7.0,7.0,7
481,33450,1,58.0,25.0,25.0,58.0,58.0,58
482,33470,3,8.333333333333334,4.666666666666667,4.0,8.333333333333334,5.0,25
483,33480,4,2.75,1.25,1.0,2.75,2.5,11
484,33500,30,11.016744107744106,16.066666666666666,11.5,27.866666666666667,17.5,836
485,33520,2,4.5,2.0,2.0,4.5,4.5,9
486,33530,2,7.5,3.0,3.0,7.5,7.5,15
487,33540,23,5.364393022909647,15.0,6.0,24.869565217391305,15.0,572
488,33560,6,1.78078431372549,16.5,1.5,27.5,3.0,165
489,33580,7,20.771428571428572,22.857142857142858,28.0,35.285714285714285,39.0,247
490,33610,1,60.0,42.0,42.0,60.0,60.0,60
491,33680,1,10.0,1.0,1.0,10.0,10.0,10
492,33700,4,4.0115384615384615,5.75,1.0,15.5,6.5,62
493,33710,7,5.897142857142858,5.142857142857143,2.0,12.857142857142858,9.0,90
494,33720,21,9.689981447124305,13.666666666666666,9.0,23.285714285714285,13.0,489
495,33800,8,1.8670634920634919,8.625,3.5,19.25,7.0,154
496,33820,9,5.216666666666667,8.666666666666666,3.0,14.222222222222221,9.0,128
497,33840,3,2.9790476190476194,8.666666666666666,5.0,20.0,22.0,60
498,33870,2,3.3909090909090907,25.5,25.5,35.5,35.5,71
499,33880,5,2.956078431372549,10.8,9.0,22.8,16.0,114
500,33900,10,1.7864392324093816,10.4,3.0,23.4,6.0,234
501,33950,7,27.16923076923077,16.571428571428573,3.0,29.857142857142858,18.0,209
502,33960,6,13.755555555555555,8.833333333333334,7.5,16.833333333333332,12.5,101
503,34110,1,7.8,41.0,41.0,82.0,82.0,82
504,34180,1,4.0,2.0,2.0,4.0,4.0,4
505,34800,1,14.0,13.0,13.0,14.0,14.0,14
506,35100,1,8.0,1.0,1.0,8.0,8.0,8
507,35300,1,2.0,1.0,1.0,2.0,2.0,2
508,35600,1,4.0,1.0,1.0,4.0,4.0,4
509,36100,1,18.0,1.0,1.0,18.0,18.0,18
510,36110,2,3.025,2.0,2.0,7.5,7.5,15
511,36220,2,11.5,1.5,1.5,11.5,11.5,23
512,36240,2,0.48444444444444446,7.0,7.0,21.0,21.0,42
513,36280,1,5.6,11.0,11.0,15.0,15.0,15
514,37100,1,13.0,8.0,8.0,13.0,13.0,13
515,37120,3,20.733333333333334,8.333333333333334,2.0,21.666666666666668,19.0,65
516,37130,1,2.0,22.0,22.0,36.0,36.0,36
517,37200,2,4.966666666666667,16.5,16.5,34.5,34.5,69
518,37500,2,14.0,9.0,9.0,14.0,14.0,28
519,37550,2,1.5,1.0,1.0,1.5,1.5,3
520,37560,1,0.7333333333333334,9.0,9.0,17.0,17.0,17
521,37600,3,2.977777777777778,6.666666666666667,4.0,11.333333333333334,7.0,34
522,37630,2,2.0,1.0,1.0,2.0,2.0,4
523,37800,1,36.0,24.0,24.0,36.0,36.0,36
524,37830,6,16.295897435897434,34.666666666666664,29.0,55.5,39.5,333
525,38200,2,0.8,1.5,1.5,5.5,5.5,11
526,38600,1,4.0,2.0,2.0,4.0,4.0,4
527,38700,1,6.0,1.0,1.0,6.0,6.0,6
528,38800,1,2.0,1.0,1.0,2.0,2.0,2
529,39200,1,2.0,1.0,1.0,2.0,2.0,2
530,39530,1,0.8,2.0,2.0,3.0,3.0,3
531,39700,1,8.0,1.0,1.0,8.0,8.0,8
532,39930,2,2.0,4.0,4.0,4.0,4.0,8
533,40100,32,2.5629066650941654,14.625,8.0,30.78125,20.0,985
534,40200,4,1.4194444444444443,14.0,5.5,32.25,11.5,129
535,40250,4,7.65,6.75,6.0,11.75,11.5,47
536,40270,2,8.0,1.5,1.5,8.0,8.0,16
537,40320,1,0.26666666666666666,2.0,2.0,5.0,5.0,5
538,40400,2,0.9096774193548388,10.5,10.5,26.5,26.5,53
539,40500,2,3.3,2.0,2.0,9.5,9.5,19
540,40520,13,4.845421245421245,9.692307692307692,5.0,18.384615384615383,16.0,239
541,40530,4,7.62,7.25,4.0,12.0,11.0,48
542,40600,2,0.85,3.0,3.0,6.0,6.0,12
543,40630,2,3.4,7.0,7.0,16.0,16.0,32
544,40700,10,1.2720960008717446,9.3,9.0,17.7,16.0,177
545,40740,9,2.9734680134680134,12.555555555555555,7.0,22.444444444444443,17.0,202
546,40800,2,1.2,2.0,2.0,5.0,5.0,10
547,40820,1,21.0,2.0,2.0,21.0,21.0,21
548,40900,2,13.0,6.5,6.5,13.0,13.0,26
549,40930,1,0.8800000000000001,12.0,12.0,16.0,16.0,16
550,40950,2,1.3666666666666667,4.0,4.0,9.0,9.0,18
551,41230,1,1.0,1.0,1.0,1.0,1.0,1
552,41310,1,1.0,1.0,1.0,1.0,1.0,1
553,41500,1,6.0,4.0,4.0,6.0,6.0,6
554,41550,1,1.1111111111111112,22.0,22.0,34.0,34.0,34
555,41770,1,3.0,1.0,1.0,3.0,3.0,3
556,42100,2,2.857142857142857,10.0,10.0,20.5,20.5,41
557,42850,1,16.0,14.0,14.0,16.0,16.0,16
558,43130,1,4.0,1.0,1.0,4.0,4.0,4
559,43500,1,19.0,10.0,10.0,19.0,19.0,19
560,43700,1,2.0,1.0,1.0,2.0,2.0,2
561,44100,1,6.0,3.0,3.0,6.0,6.0,6
562,44150,1,9.0,1.0,1.0,9.0,9.0,9
563,45100,5,3.453333333333334,4.4,2.0,12.4,12.0,62
564,45120,1,90.0,56.0,56.0,90.0,90.0,90
565,45130,2,2.275,16.5,16.5,21.0,21.0,42
566,45150,2,0.84,10.5,10.5,19.0,19.0,38
567,45160,1,0.7529411764705882,24.0,24.0,49.0,49.0,49
568,45200,7,14.859001161440188,20.142857142857142,11.0,42.714285714285715,27.0,299
569,45360,3,36.333333333333336,19.0,2.0,36.333333333333336,18.0,109
570,45610,3,5.666666666666667,1.0,1.0,5.666666666666667,3.0,17
571,45700,1,12.0,11.0,11.0,12.0,12.0,12
572,45740,1,1.3199999999999998,34.0,34.0,43.0,43.0,43
573,45810,1,2.0,1.0,1.0,2.0,2.0,2
574,46800,1,0.9230769230769232,26.0,26.0,43.0,43.0,43
575,46900,1,2.0,1.0,1.0,2.0,2.0,2
576,47400,2,3.1,4.0,4.0,6.0,6.0,12
577,47710,1,0.4,6.0,6.0,10.0,10.0,10
578,48100,7,3.7666213151927437,14.857142857142858,11.0,25.571428571428573,25.0,179
579,48130,1,12.0,5.0,5.0,12.0,12.0,12
580,48200,3,1.2333333333333334,11.666666666666666,14.0,17.666666666666668,17.0,53
581,48220,3,24.284444444444446,21.0,12.0,45.333333333333336,36.0,136
582,48310,2,12.177777777777777,10.5,10.5,29.0,29.0,58
583,48410,1,2.0,1.0,1.0,2.0,2.0,2
584,48600,3,15.20952380952381,17.0,15.0,33.0,25.0,99
585,48710,2,5.0,1.0,1.0,5.0,5.0,10
586,48900,1,1.2,3.0,3.0,4.0,4.0,4
587,48930,4,2.075,1.75,1.5,3.75,3.0,15
588,49220,1,0.5333333333333333,5.0,5.0,7.0,7.0,7
589,49400,4,4.75,1.5,1.0,4.75,3.0,19
590,49460,1,2.0,1.0,1.0,2.0,2.0,2
591,49480,1,4.0,1.0,1.0,4.0,4.0,4
592,49900,2,2.0,2.0,2.0,2.0,2.0,4
593,50100,4,1.3666666666666667,3.5,3.5,5.25,4.5,21
594,50130,1,21.6,28.0,28.0,55.0,55.0,55
595,50160,1,0.4,2.0,2.0,4.0,4.0,4
596,50170,1,10.0,5.0,5.0,10.0,10.0,10
597,50970,2,0.7555555555555554,12.5,12.5,26.0,26.0,52
598,51360,1,33.0,20.0,20.0,33.0,33.0,33
599,51900,1,1.3714285714285714,17.0,17.0,31.0,31.0,31
600,53100,9,1.7259259259259256,3.0,2.0,5.555555555555555,5.0,50
601,53130,1,3.0,2.0,2.0,3.0,3.0,3
602,53300,1,9.4,30.0,30.0,49.0,49.0,49
603,53400,1,0.1111111111111111,11.0,11.0,23.0,23.0,23
604,53500,3,3.546666666666667,7.666666666666667,6.0,18.0,10.0,54
605,53550,1,3.2,13.0,13.0,18.0,18.0,18
606,53600,3,3.0444444444444443,2.6666666666666665,3.0,4.333333333333333,4.0,13
607,53810,5,1.005324414715719,13.8,11.0,25.0,24.0,125
608,53850,5,3.737777777777777,26.8,11.0,42.0,14.0,210
609,53900,1,0.9,6.0,6.0,13.0,13.0,13
610,53920,3,0.34755555555555556,13.0,2.0,32.0,20.0,96
611,55100,4,1.9591503267973855,16.0,16.5,57.0,27.5,228
612,55120,1,0.4387096774193549,23.0,23.0,65.0,65.0,65
613,55300,1,2.1333333333333333,6.0,6.0,19.0,19.0,19
614,55400,2,0.6166666666666667,6.5,6.5,9.0,9.0,18
615,55420,1,9.466666666666667,43.0,43.0,74.0,74.0,74
616,56100,1,1.4352941176470588,47.0,47.0,78.0,78.0,78
617,56120,1,0.6,3.0,3.0,5.0,5.0,5
618,57100,2,2.05,5.0,5.0,9.0,9.0,18
619,57170,1,3.0,2.0,2.0,3.0,3.0,3
620,57510,1,2.0,1.0,1.0,2.0,2.0,2
621,57710,1,2.0,4.0,4.0,6.0,6.0,6
622,58200,1,1.3241379310344827,41.0,41.0,125.0,125.0,125
623,58910,1,8.0,1.0,1.0,8.0,8.0,8
624,59510,1,1.0,1.0,1.0,1.0,1.0,1
625,60100,5,1.4533333333333336,4.4,2.0,12.8,15.0,64
626,60120,1,2.9,19.0,19.0,33.0,33.0,33
627,60150,1,5.0,1.0,1.0,5.0,5.0,5
628,60200,1,2.0,1.0,1.0,2.0,2.0,2
629,60320,3,4.140740740740741,14.0,4.0,27.0,11.0,81
630,60420,1,1.0,1.0,1.0,1.0,1.0,1
631,60510,2,4.5,1.0,1.0,4.5,4.5,9
632,60550,1,7.0,3.0,3.0,7.0,7.0,7
633,60800,2,3.5,3.0,3.0,3.5,3.5,7
634,61160,1,10.0,1.0,1.0,10.0,10.0,10
635,61450,1,1.0,1.0,1.0,1.0,1.0,1
636,61600,4,2.466666666666667,5.0,2.0,7.0,3.0,28
637,61800,1,0.24,4.0,4.0,8.0,8.0,8
638,62100,6,3.266666666666666,3.5,4.5,8.0,8.5,48
639,62200,2,2.0,1.0,1.0,2.0,2.0,4
640,62950,1,0.6909090909090909,31.0,31.0,60.0,60.0,60
641,63300,1,4.0,1.0,1.0,4.0,4.0,4
642,63400,1,1.2,6.0,6.0,12.0,12.0,12
643,63700,1,0.9,60.0,60.0,91.0,91.0,91
644,64250,1,7.0,2.0,2.0,7.0,7.0,7
645,65100,25,3.6604659259512755,22.2,16.0,36.52,23.0,913
646,65170,1,0.981818181818182,17.0,17.0,38.0,38.0,38
647,65200,5,1.2590904977375565,45.8,29.0,86.0,33.0,430
648,65320,2,1.6285714285714286,10.0,10.0,15.5,15.5,31
649,65350,3,2.9111111111111114,3.0,2.0,8.666666666666666,7.0,26
650,65380,1,1.0,1.0,1.0,1.0,1.0,1
651,65610,2,2.8,2.5,2.5,5.0,5.0,10
652,66330,1,12.0,1.0,1.0,12.0,12.0,12
653,66400,1,1.7565217391304346,61.0,61.0,124.0,124.0,124
654,66450,1,8.0,4.0,4.0,8.0,8.0,8
655,67100,2,1.3411764705882352,35.0,35.0,59.0,59.0,118
656,67200,3,2.111111111111111,2.0,1.0,5.666666666666667,3.0,17
657,67300,3,2.3743589743589744,3.3333333333333335,3.0,8.0,6.0,24
658,67700,1,0.26666666666666666,9.0,9.0,15.0,15.0,15
659,68100,1,1.3142857142857145,22.0,22.0,30.0,30.0,30
660,68410,1,0.5333333333333333,2.0,2.0,7.0,7.0,7
661,68600,1,2.0,1.0,1.0,2.0,2.0,2
662,68810,3,19.0,2.3333333333333335,3.0,19.0,23.0,57
663,69100,1,2.0,5.0,5.0,6.0,6.0,6
664,69730,1,1.0,1.0,1.0,1.0,1.0,1
665,70100,9,2.4317344384011053,26.555555555555557,25.0,46.111111111111114,48.0,415
666,70110,3,3.415873015873016,5.0,3.0,14.666666666666666,8.0,44
667,70150,1,0.9142857142857144,64.0,64.0,138.0,138.0,138
668,70200,5,2.183157894736842,12.2,5.0,19.4,7.0,97
669,70260,1,2.4,6.0,6.0,14.0,14.0,14
670,70300,1,0.631578947368421,27.0,27.0,49.0,49.0,49
671,70500,5,5.191428571428571,12.4,6.0,22.4,10.0,112
672,70600,10,3.1621631469979294,14.4,12.5,33.2,29.0,332
673,70620,2,6.5,2.5,2.5,6.5,6.5,13
674,70700,2,3.5,2.0,2.0,3.5,3.5,7
675,70780,2,10.58,10.5,10.5,17.5,17.5,35
676,70800,1,14.0,3.0,3.0,14.0,14.0,14
677,70820,8,3.1875,1.25,1.0,6.5,2.5,52
678,70840,3,1.7271794871794872,17.666666666666668,12.0,33.666666666666664,30.0,101
679,70900,2,9.7,2.0,2.0,11.5,11.5,23
680,71310,1,4.0,1.0,1.0,4.0,4.0,4
681,71490,1,6.0,2.0,2.0,6.0,6.0,6
682,71570,1,2.8,4.0,4.0,8.0,8.0,8
683,71800,2,0.888235294117647,17.5,17.5,25.5,25.5,51
684,73100,2,0.9424242424242424,21.5,21.5,53.5,53.5,107
685,73310,1,0.9090909090909092,23.0,23.0,36.0,36.0,36
686,74100,1,0.8608695652173913,83.0,83.0,145.0,145.0,145
687,74120,1,0.7157894736842105,25.0,25.0,53.0,53.0,53
688,74130,1,13.0,2.0,2.0,13.0,13.0,13
689,74250,1,0.4,3.0,3.0,18.0,18.0,18
690,74300,1,1.2,3.0,3.0,4.0,4.0,4
691,74700,1,0.8,11.0,11.0,15.0,15.0,15
692,76850,2,14.0,4.0,4.0,14.0,14.0,28
693,78200,1,0.3333333333333333,4.0,4.0,11.0,11.0,11
694,78500,1,3.0,1.0,1.0,3.0,3.0,3
695,79100,3,0.6427868427868427,27.333333333333332,24.0,55.666666666666664,41.0,167
696,79600,2,1.5,1.0,1.0,1.5,1.5,3
697,79810,1,0.32,4.0,4.0,18.0,18.0,18
698,79940,1,0.4,4.0,4.0,16.0,16.0,16
699,80100,8,4.798046071575484,28.0,19.0,64.75,25.5,518
700,80110,5,4.791304347826086,7.8,2.0,20.2,7.0,101
701,80130,3,4.6000000000000005,6.333333333333333,8.0,9.0,10.0,27
702,80140,1,7.6,15.0,15.0,40.0,40.0,40
703,80160,3,3.0,9.666666666666666,7.0,16.0,10.0,48
704,80170,1,3.0,3.0,3.0,3.0,3.0,3
705,80200,3,5.8,4.333333333333333,2.0,7.0,4.0,21
706,80220,7,3.471428571428571,5.714285714285714,3.0,11.428571428571429,7.0,80
707,80230,1,3.6,9.0,9.0,10.0,10.0,10
708,80400,1,1.0,1.0,1.0,1.0,1.0,1
709,81260,1,2.0,1.0,1.0,2.0,2.0,2
710,81280,1,0.4320000000000001,23.0,23.0,52.0,52.0,52
711,81820,1,1.657142857142857,22.0,22.0,36.0,36.0,36
712,82220,2,3.5,1.0,1.0,3.5,3.5,7
713,82500,3,0.7289760348583879,9.333333333333334,2.0,24.333333333333332,14.0,73
714,83130,1,0.35,2.0,2.0,30.0,30.0,30
715,83460,1,15.0,2.0,2.0,15.0,15.0,15
716,83960,1,1.8,26.0,26.0,44.0,44.0,44
717,84100,3,4.651851851851852,16.0,23.0,31.666666666666668,35.0,95
718,85100,2,4.6,2.5,2.5,7.5,7.5,15
719,85470,1,0.6,4.0,4.0,5.0,5.0,5
720,86100,2,3.0,1.0,1.0,3.0,3.0,6
721,86300,1,0.2,2.0,2.0,6.0,6.0,6
722,86600,1,5.0,2.0,2.0,5.0,5.0,5
723,86800,1,8.0,1.0,1.0,8.0,8.0,8
724,87100,4,5.675,2.75,3.0,8.25,8.0,33
725,87150,1,1.0,1.0,1.0,1.0,1.0,1
726,87500,1,0.25,3.0,3.0,13.0,13.0,13
727,87700,2,5.0,2.0,2.0,5.0,5.0,10
728,87950,1,12.0,3.0,3.0,12.0,12.0,12
729,88200,1,6.0,3.0,3.0,6.0,6.0,6
730,88600,1,2.0,1.0,1.0,2.0,2.0,2
731,88610,2,8.4,7.0,7.0,12.5,12.5,25
732,88900,3,11.666666666666666,3.3333333333333335,1.0,11.666666666666666,3.0,35
733,90100,19,3.007259376511454,14.894736842105264,11.0,26.894736842105264,18.0,511
734,90120,7,1.0510741138560689,23.857142857142858,24.0,35.285714285714285,36.0,247
735,90130,7,6.689795918367346,4.571428571428571,2.0,12.571428571428571,11.0,88
736,90140,1,0.6666666666666666,7.0,7.0,8.0,8.0,8
737,90150,3,5.681481481481481,11.333333333333334,1.0,23.333333333333332,13.0,70
738,90230,7,2.6462585034013606,3.2857142857142856,2.0,8.0,4.0,56
739,90240,3,1.3212121212121213,23.666666666666668,3.0,44.666666666666664,3.0,134
740,90250,3,0.7999999999999999,1.3333333333333333,1.0,2.0,1.0,6
741,90310,1,1.44,11.0,11.0,23.0,23.0,23
742,90400,1,1.2,3.0,3.0,4.0,4.0,4
743,90410,1,4.0,1.0,1.0,4.0,4.0,4
744,90420,2,2.6,9.0,9.0,14.0,14.0,28
745,90440,2,0.3769230769230769,5.5,5.5,17.0,17.0,34
746,90450,1,2.4,6.0,6.0,7.0,7.0,7
747,90460,2,2.8666666666666667,26.5,26.5,58.0,58.0,116
748,90480,1,7.0,2.0,2.0,7.0,7.0,7
749,90500,11,3.5104084321475626,5.2727272727272725,3.0,10.727272727272727,8.0,118
750,90510,3,4.383333333333334,3.3333333333333335,4.0,8.0,9.0,24
751,90520,2,0.5499999999999999,5.0,5.0,22.0,22.0,44
752,90530,5,2.2511515151515153,10.8,4.0,23.8,4.0,119
753,90540,6,6.8999999999999995,3.5,2.0,11.166666666666666,13.0,67
754,90550,4,1.9000000000000001,3.5,2.5,9.25,7.5,37
755,90570,7,5.764285714285714,5.857142857142857,3.0,10.142857142857142,8.0,71
756,90580,2,1.2142857142857144,21.5,21.5,39.5,39.5,79
757,90630,1,4.0,1.0,1.0,4.0,4.0,4
758,90650,6,4.251322751322751,12.666666666666666,8.0,26.166666666666668,16.5,157
759,90800,4,0.44999999999999996,2.5,2.0,7.25,6.5,29
760,90810,1,2.0,1.0,1.0,2.0,2.0,2
761,90820,1,12.0,1.0,1.0,12.0,12.0,12
762,90830,5,4.525714285714286,2.8,2.0,8.0,5.0,40
763,90940,1,1.0,1.0,1.0,1.0,1.0,1
764,91300,2,7.0,2.5,2.5,7.0,7.0,14
765,91430,1,5.0,2.0,2.0,5.0,5.0,5
766,91500,1,3.0,2.0,2.0,3.0,3.0,3
767,91800,1,0.2,2.0,2.0,9.0,9.0,9
768,91900,1,1.1,6.0,6.0,15.0,15.0,15
769,91930,1,1.0,1.0,1.0,1.0,1.0,1
770,92100,2,0.3666666666666667,4.5,4.5,5.0,5.0,10
771,92260,1,0.2838709677419355,27.0,27.0,53.0,53.0,53
772,93600,2,3.333333333333333,17.5,17.5,25.0,25.0,50
773,93830,2,2.75,5.5,5.5,12.0,12.0,24
774,94100,1,1.0,1.0,1.0,1.0,1.0,1
775,95300,1,6.0,1.0,1.0,6.0,6.0,6
776,95400,1,11.0,3.0,3.0,11.0,11.0,11
777,95420,1,1.4,8.0,8.0,9.0,9.0,9
778,95460,1,6.0,1.0,1.0,6.0,6.0,6
779,95500,1,8.0,2.0,2.0,8.0,8.0,8
780,95600,2,4.0,1.5,1.5,4.0,4.0,8
781,95700,2,13.0,9.0,9.0,13.0,13.0,26
782,95900,2,1.426923076923077,41.0,41.0,127.5,127.5,255
783,95970,1,6.0,1.0,1.0,6.0,6.0,6
784,96100,5,6.100952380952381,14.8,8.0,28.8,20.0,144
785,96200,3,0.641045751633987,12.333333333333334,14.0,26.0,22.0,78
786,96300,4,1.5525845410628019,28.25,26.0,47.25,46.0,189
787,96400,1,0.4,3.0,3.0,4.0,4.0,4
788,96440,2,1.44,10.0,10.0,19.0,19.0,38
789,96500,1,8.0,1.0,1.0,8.0,8.0,8
790,96800,1,1.6,3.0,3.0,10.0,10.0,10
791,96900,5,1.331234632034632,23.4,12.0,50.4,31.0,252
792,99470,1,2.4,9.0,9.0,14.0,14.0,14
793,99555,2,1.9033898305084747,49.5,49.5,90.5,90.5,181
794,99560,1,1.0,1.0,1.0,1.0,1.0,1
795,99600,1,1.5096774193548386,73.0,73.0,148.0,148.0,148
796,99910,1,0.4,5.0,5.0,12.0,12.0,12
